{"0": 0.4142303313857052, "1": 0.17251074349661072, "2": 0.19687394358825583, "3": 0.129345720007064, "4": 0.37014042999639785, "5": 0.13274108396650403, "6": 0.47832436544448653, "7": 0.060162519478239807, "8": 0.37510196728791306, "9": 0.2926271219191824, "10": 0.21917586685537016, "11": 0.1866303386553843, "12": 0.37344934066203817, "13": 0.24196514573800548, "14": 0.38073547446443906, "15": 0.3859364628483558, "16": 0.2307060883257841, "17": 0.21493023954974, "18": 0.47463922475865666, "19": 0.09049674341538182, "20": 0.40816258207453626, "21": 0.17605221410810679, "22": 0.13018645757662797, "23": 0.05484434111940149, "24": 0.06578973909182602, "25": 0.31036962348969555, "26": 0.3610773929275367, "27": 0.3927281310148596, "28": 0.36459463964518574, "29": 0.19202577378945823, "30": 0.36557153456061914, "31": 0.3732695842897017, "32": 0.2031375954952201, "33": 0.20081748511219166, "34": 0.28612860723888894, "35": 0.2978432071495639, "36": 0.2463838426511899, "37": 0.4016283747304399, "38": 0.10932789884452934, "39": 0.05003792950199976, "40": 0.18067804077725225, "41": 0.25958645523191065, "42": 0.21782934265237947, "43": 0.22453292126812152, "44": 0.13976785477668457, "45": 0.07322652353690466, "46": 0.4381198744226202, "47": 0.38989300771255936, "48": 0.15697830039206243, "49": 0.3618039967328296, "50": 0.416521297626202, "51": 0.11746531074249716, "52": 0.4127744148226571, "53": 0.34966712282213713, "54": 0.29546058605522635, "55": 0.3536136225237876, "56": 0.46081590257306704, "57": 0.07096932772536349, "58": 0.4414587220817898, "59": 0.06304251553298151, "60": 0.21486798135074936, "61": 0.3880166218067528, "62": 0.2091915973999039, "63": 0.401077956127727, "64": 0.3399176877986173, "65": 0.49961085395477645, "66": 0.4903648240504125, "67": 0.2216980256236259, "68": 0.10036515285410719, "69": 0.18092754162644686, "70": 0.31471118732845066, "71": 0.33943623597202816}